WOT-DATA,2
{{ID}},Hull,Turret
{{EN}},"Hull armor thickness (front, sides, rear).","Top turret armor thickness (front, sides, rear)."
{{RU}},"Бронирование корпуса (перед, бока, зад).","Бронирование топ башни (перед, бока, зад)."
china-Ch01_Type59,100  80 45,200 130 60,#266
china-Ch01_Type59_Gold,100  80 45,200 130 60,#266
china-Ch02_Type62,35 20 20,45 30 20,#266
china-Ch03_WZ-111,120 120 60,230 120 60,#266
china-Ch04_T34_1, 60  45 40,170 120 60,#266
china-Ch04_T34_1_training,60 45 40,90 75 52,#266
china-Ch05_T34_2, 70  45 45,180 120 60,#266
china-Ch06_Renault_NC31,16 16 16,22 22 16,#266
china-Ch06_Renault_NC31_bot,16 16 16,16 16 14,#266
china-Ch07_Vickers_MkE_Type_BT26,13 13 13,30 15 15,#266
china-Ch08_Type97_Chi_Ha,25 25 20,35 25 25,#266
china-Ch09_M5,29 29 25,44 32 32,#266
china-Ch10_IS2, 90 90 60,100 90 90,#266
china-Ch11_110,120  90 60,201 148 50,#266
china-Ch11_110_IGR,120  90 60,201 148 50,#266
china-Ch12_111_1_2_3,120  80 60,230 120 60,#266
china-Ch14_T34_3, 90  50 50,190 120 60,#266
china-Ch15_59_16,30 20 20,45 30 20,#266
china-Ch16_WZ_131,35 20 20,45 30 20,#266
china-Ch17_WZ131_1_WZ132,50 25 20,55 35 20,#266
china-Ch17_WZ131_1_WZ132_IGR,50 25 20,55 35 20,#266
china-Ch18_WZ-120,100  80 45,220 160 65,#266
china-Ch19_121,120  80 60,240 130 60,#266
china-Ch19_121_IGR,120  80 60,240 130 60,#266
china-Ch20_Type58,45 45 40,90 75 52,#266
china-Ch21_T34,45 40 40,52 52 45,#266
china-Ch22_113,120 120 70,290 180 80,#266
china-Ch23_112,120 120 60,240 130 60,#266
china-Ch24_Type64,25 13 19,25 13 13,#266
china-Ch25_121_mod_1971B,130  80 60,240 160 60,#266
china-Ch26_59_Patton,100 80 45,178 76 51,#266
czech-Cz01_Skoda_T40,65 40 30,65 40 40,#266
czech-Cz02_TVP_T50, 65 40 40,120 80 60,#266
czech-Cz03_LT_vz35,25 16 16,25 16 16,#266
czech-Cz04_T50_51, 65 40 30,120 80 60,#266
czech-Cz05_T34_100,45 45 45,90 75 52,#266
czech-Cz06_Kolohousenka,14  8  6,14 14 14,#266
czech-Cz07_TVP_46,65 40 30,65 40 40,#266
czech-Cz08_T_25,50 35 35,50 35 35,#266
czech-Cz09_T_24,50 30 30,50 30 30,#266
czech-Cz10_LT_vz38,25 15 15,50 30 25,#266
czech-Cz11_V_8_H,32 25 20,60 40 30,#266
france-F01_RenaultFT,16 16 16,22 22 16,#266
france-F01_RenaultFT_bot,16 16 16,16 16 14,#266
france-F02_D1,30 30 30,40 40 35,#266
france-F03_D2,40 40 40,46 46 46,#266
france-F04_B1,60 60 55,46 46 46,#266
france-F05_BDR_G1B,60 40 60,80 70 60,#266
france-F06_ARL_44,120 60 40,110 30 30,#266
france-F07_AMX_M4_1945, 90 40 40,100 70 40,#266
france-F08_AMX_50_100,90 35 30,90 30 30,#266
france-F08_AMX_50_100_IGR,90 35 30,90 30 30,#266
france-F09_AMX_50_120,100 80 60,100 80 60,#266
france-F10_AMX_50B,170 30 30,100 50 30,#266
france-F10_AMX_50B_fallout,170 30 30,100 50 30,#266
france-F11_Renault_G1R,60 60 60,60 60 60,#266
france-F12_Hotchkiss_H35,40 40 40,40 40 40,#266
france-F13_AMX38,60 40 40,60 40 40,#266
france-F14_AMX40,70 65 40,80 60 60,#266
france-F15_AMX_12t,50 20 15,30 20 20,#266
france-F16_AMX_13_75,50 20 15,40 20 20,#266
france-F17_AMX_13_90,50 20 15,40 20 20,#266
france-F17_AMX_13_90_IGR,50 20 15,40 20 20,#266
france-F18_Bat_Chatillon25t,60 40 30,50 30 15,#266
france-F18_Bat_Chatillon25t_IGR,60 40 30,50 30 15,#266
france-F19_Lorraine40t,40 40 25,45 30 20,#266
france-F20_RenaultBS,16 16 16,,#266
france-F21_Lorraine39_L_AM,20 9 16,,#266
france-F22_AMX_105AM,40 20 15,,#266
france-F23_AMX_13F3AM,40 20 15,,#266
france-F24_Lorraine155_50,40 30 20,,#266
france-F25_Lorraine155_51,40 30 25,,#266
france-F27_FCM_36Pak40,40 20 20,,#266
france-F28_105_leFH18B2,60 60 55,,#266
france-F28_105_leFH18B2_IGR,60 60 55,,#266
france-F30_RenaultFT_AC,16 16 16,,#266
france-F32_Somua_Sau_40,36 35 35,,#266
france-F33_S_35CA,56 35 35,,#266
france-F33_S_35CA_IGR,56 35 35,,#266
france-F34_ARL_V39,60 40 60,,#266
france-F35_AMX_AC_Mle1946,120 40 40,,#266
france-F36_AMX_AC_Mle1948,150 40 40,,#266
france-F36_AMX_AC_Mle1948_IGR,150 40 40,,#266
france-F37_AMX50_Foch,180 40 40,,#266
france-F38_Bat_Chatillon155_58,50 30 20,,#266
france-F44_Somua_S35,47 40 35,40 40 60,#266
france-F49_RenaultR35,40 40 32,40 40 40,#266
france-F50_FCM36_20t,40 20 20,40 40 40,#266
france-F52_RenaultUE57,9 6 6,,#266
france-F62_ELC_AMX,25 10 15,,#266
france-F62_ELC_AMX_IGR,25 10 15,,#266
france-F64_AMX_50Fosh_155,180 40 40,,#266
france-F65_FCM_50t,120 80 80,120 80 60,#266
france-F66_AMX_Ob_Am105,30 20 15,,#266
france-F67_Bat_Chatillon155_55,102 76 51,,#266
france-F68_AMX_Chasseur_de_char_46,30 20 20,30 20 20,#266
france-F69_AMX13_57_100,50 20 15,40 20 20,#266
france-F69_AMX13_57_100_GrandFinal,50 20 15,40 20 20,#266
france-F70_SARL42,40 30 30,40 30 30,#266
france-F71_AMX_30_prototype,80 30 30,80 40 30,#266
france-F72_AMX_30,80 35 30,80 40 30,#266
france-F73_M4A1_Revalorise,51 38 38,64 64 64,#266
france-F74_AMX_M4_1949,190  55 40,250 120 60,#266
france-F74_AMX_M4_1949_Liberte,190  55 40,250 120 60,#266
france-F75_Char_de_25t,30 25 20,25 25 20,#266
france-F84_Somua_SM,120 50 70, 70 60 60,#266
germany-Env_Artillery,30 15 0,,#266
germany-G02_Hummel,30 20 20,,#266
germany-G03_PzV_Panther, 85 50 40,120 60 60,#266
germany-G03_PzV_Panther_IGR, 85 50 40,120 60 60,#266
germany-G03_PzV_Panther_training,85 40 40,45 45 45,#266
germany-G04_PzVI_Tiger_I,100 80 80,100 80 80,#266
germany-G04_PzVI_Tiger_I_IGR,100 80 80,100 80 80,#266
germany-G04_PzVI_Tiger_IA,100 80 80,100 80 80,#266
germany-G05_StuG_40_AusfG,80 30 50,,#266
germany-G05_StuG_40_AusfG_IGR,80 30 50,,#266
germany-G06_PzII,30 20 15,30 20 20,#266
germany-G06_PzII_bot,30 20 15,30 15 15,#266
germany-G07_Pz35t,25 16 16,25 16 16,#266
germany-G08_Pz38t,25 15 15,50 30 25,#266
germany-G09_Hetzer,60 20 8,,#266
germany-G10_PzIII_AusfJ,50 30 50,30 30 30,#266
germany-G10_PzIII_AusfJ_training,30 30 50,30 30 30,#266
germany-G100_Gtraktor_Krupp,14 8 8,14 8 8,#266
germany-G101_StuG_III,50 30 30,,#266
germany-G102_Pz_III,30 30 20,30 30 30,#266
germany-G103_RU_251,25 20  8,20 20 20,#266
germany-G104_Stug_IV,80 30 20,,#266
germany-G105_T-55_NVA_DDR,100  80 45,200 160 65,#266
germany-G106_PzKpfwPanther_AusfF, 80 50 40,120 60 60,#266
germany-G107_PzKpfwIII_AusfK,50 30 50,50 30 30,#266
germany-G108_PzKpfwII_AusfD,30 14 14,14 14 14,#266
germany-G109_Steyr_WT,20 10  8,20 10 10,#266
germany-G11_Bison_I,13 13 13,,#266
germany-G112_KanonenJagdPanzer,30 30 8,,#266
germany-G113_SP_I_C,10 10 10,15 10 10,#266
germany-G114_Rheinmetall_Skorpian,30 16 20,,#266
germany-G114_Skorpian,30 16 20,,#266
germany-G115_Typ_205_4_Jun,140 120 80,210 100 80,#266
germany-G116_Turan_III_prot,50 25 25,75 35 55,#266
germany-G117_Toldi_III,35 13 10,35 25 25,#266
germany-G118_VK4503,100 80 80,100 80 80,#266
germany-G119_Panzer58, 90 30 40,120 65 40,#266
germany-G119_Pz58_Mutz, 90 30 40,120 65 40,#266
germany-G12_Ltraktor,14 14 14,14 14 14,#266
germany-G12_Ltraktor_bot,14 14 14,14 14 14,#266
germany-G120_M41_90,25 25 19,25 25 25,#266
germany-G120_M41_90_GrandFinal,25 25 19,25 25 25,#266
germany-G121_Grille_15_L63,30 16 20,,#266
germany-G122_VK6501H,80 80 80,80 80 80,#266
germany-G13_VK3001H,50 50 50,80 60 60,#266
germany-G15_VK3601H,100 60 60,100 80 80,#266
germany-G16_PzVIB_Tiger_II,150 80 80,185 80 80,#266
germany-G16_PzVIB_Tiger_II_IGR,150 80 80,185 80 80,#266
germany-G16_PzVIB_Tiger_II_training,200 65 20,200 65 20,#266
germany-G17_JagdPzIV,80 40 22,,#266
germany-G18_JagdPanther,80 50 40,,#266
germany-G19_Wespe,30 14 14,,#266
germany-G20_Marder_II,30 14 14,,#266
germany-G21_PanzerJager_I,13 13 13,,#266
germany-G22_Sturmpanzer_II,30 14 14,,#266
germany-G23_Grille,15 15 10,,#266
germany-G24_VK3002DB, 80 45 50,120 60 60,#266
germany-G25_PzII_Luchs,30 20 20,50 30 30,#266
germany-G26_VK1602,50 30 30,50 30 30,#266
germany-G27_VK3001P, 75 62 40,100 80 80,#266
germany-G28_PzIII_IV,80 30 20,50 30 30,#266
germany-G32_PzV_PzIV,85 40 40,50 30 30,#266
germany-G32_PzV_PzIV_ausf_Alfa,85 40 40,50 30 30,#266
germany-G32_PzV_PzIV_ausf_Alfa_CN,85 40 40,50 30 30,#266
germany-G32_PzV_PzIV_CN,85 40 40,50 30 30,#266
germany-G33_H39_captured,40 40 40,40 40 40,#266
germany-G34_S35_captured,36 35 25,56 46 46,#266
germany-G35_B-1bis_captured,60 60 55,46 46 46,#266
germany-G36_PzII_J,80 50 50,80 50 50,#266
germany-G37_Ferdinand,200 80 80,,#266
germany-G37_Ferdinand_IGR,200 80 80,,#266
germany-G39_Marder_III,50 15 15,,#266
germany-G40_Nashorn,30 20 20,,#266
germany-G41_DickerMax,50 20 20,,#266
germany-G42_Maus,200 185 160,240 210 210,#266
germany-G42_Maus_IGR,200 185 160,240 210 210,#266
germany-G43_Sturer_Emil,50 30 30,,#266
germany-G44_JagdTiger,250 80 80,,#266
germany-G45_G_Tiger,30 16 16,,#266
germany-G46_T-25,50 45 35,60 60 35,#266
germany-G48_E-25,50 30 30,,#266
germany-G48_E-25_IGR,50 30 30,,#266
germany-G49_G_Panther,50 30 20,,#266
germany-G50_T-15,30 20 12,30 25 25,#266
germany-G51_Lowe,120 100 80,120  80 80,#266
germany-G52_Pz38_NA,30 25 20,30 20 20,#266
germany-G53_PzI,13 13 13,14 13 13,#266
germany-G54_E-50,150 80 80,185 80 80,#266
germany-G55_E-75,160 120 120,252 160 160,#266
germany-G56_E-100,200 120 150,250 150 150,#266
germany-G57_PzVI_Tiger_P,200 80 80,100 80 80,#266
germany-G58_VK4502P,200 100 100,252 160 160,#266
germany-G58_VK4502P7, 80 80 80,100 80 80,#266
germany-G61_G_E,80 50 40,,#266
germany-G63_PzI_ausf_C,30 20 14,30 14 14,#266
germany-G64_Panther_II,100 60 40,120 60 60,#266
germany-G64_Panther_II_IGR,100 60 40,120 60 60,#266
germany-G65_JagdTiger_SdKfz_185,250 80 80,,#266
germany-G65_JagdTiger_SdKfz_185_IGR,250 80 80,,#266
germany-G66_VK2801,50 30 30,50 30 30,#266
germany-G67_VK4502A,120 80 80,185 80 80,#266
germany-G70_PzIV_Hydro,50 30 20,50 30 30,#266
germany-G71_JagdPantherII,100 60 40,,#266
germany-G72_JagdPz_E100,200 120 150,,#266
germany-G73_E50_Ausf_M,150 80 80,185 80 80,#266
germany-G76_Pz_Sfl_IVc,20 14 14,,#266
germany-G77_PzIV_Schmalturm, 80 30 20,120 60 60,#266
germany-G78_Panther_M10, 85 50 40,100 45 45,#266
germany-G79_Pz_IV_AusfGH,80 30 20,50 30 30,#266
germany-G80_Pz_IV_AusfD,30 20 20,30 20 20,#266
germany-G81_Pz_IV_AusfH,80 30 20,50 30 30,#266
germany-G82_Pz_II_AusfG,30 20 14,30 14 14,#266
germany-G83_Pz_IV_AusfA,14 14 14,30 14 14,#266
germany-G85_Auf_Panther,85 50 40,50 30 30,#266
germany-G86_VK2001DB,50 40 30,57 30 30,#266
germany-G87_VK3002DB_V1,60 40 50,80 45 45,#266
germany-G88_Indien_Panzer,90 90 45,90 90 45,#266
germany-G89_Leopard1,70 35 25,52 60 60,#266
germany-G90_DW_II,50 50 50,50 50 50,#266
germany-G91_Pro_Ag_A,70 35 25,52 60 60,#266
germany-G92_VK7201,200 160 120,200 160 120,#266
germany-G93_GW_Mk_VIe,22 14 14,,#266
germany-G94_GW_Tiger_P,100 80 16,,#266
germany-G95_Pz_Sfl_IVb,20 14 14,,#266
germany-G96_VK3002M, 60 40 40,100 45 45,#266
germany-G97_Waffentrager_IV,80 30 20,,#266
germany-G98_Waffentrager_E100,200 120 150, 20  10   8,#266
germany-G99_RhB_Waffentrager,20 10 8,,#266
japan-J01_NC27,30 30 22,20 20 20,#266
japan-J01_NC27_bot,30 30 22,18 18 16,#266
japan-J02_Te_Ke,12 10  8,12 10 10,#266
japan-J03_Ha_Go,12 12 10,35 25 25,#266
japan-J04_Ke_Ni,16 12 10,30 16 16,#266
japan-J05_Ke_Ni_B,16 12 10,30 16 16,#266
japan-J06_Ke_Ho,20 16 12,30 20 16,#266
japan-J07_Chi_Ha,25 25 20,35 25 25,#266
japan-J08_Chi_Nu,50 25 20,50 35 25,#266
japan-J09_Chi_He,50 25 20,50 35 25,#266
japan-J10_Chi_To,75 35 35,75 50 50,#266
japan-J11_Chi_Ri,75 35 35,75 50 50,#266
japan-J11_Chi_Ri_IGR,75 35 35,75 50 50,#266
japan-J12_Chi_Nu_Kai,50 25 20,75 50 50,#266
japan-J13_STA_1,45 35 25,70 60 35,#266
japan-J13_STA_1_IGR,45 35 25,70 60 35,#266
japan-J14_Type_61,55 35 25,70 60 35,#266
japan-J15_Chi_Ni,25 12 10,30 20 20,#266
japan-J16_ST_B1,110  35 25,132 132 37,#266
japan-J16_ST_B1_IGR,110  35 25,132 132 37,#266
japan-J18_STA_2_3,45 35 25,70 60 35,#266
japan-J19_Tiger_I_Jpn,100 80 80,100 80 80,#266
japan-J20_Type_2605,260 140 150,260 210 200,#266
japan-J21_Type_91,20 15 15,20 20 20,#266
japan-J22_Type_95,35 30 25,30 25 25,#266
japan-J23_Mi_To,75 70 70,75 75 75,#266
japan-J24_Mi_To_130_tons,150  70 150,150 150 150,#266
japan-J25_Type_4,250 140 150,250 200 200,#266
japan-J26_Type_89,17 15 15,15 15 15,#266
japan-J27_O_I_120,200 105 150,200 200 200,#266
japan-J28_O_I_100,175  70 150,200 150 150,#266
sweden-S01_Strv_74_A2,55 30 20,40 20 20,#266
sweden-S15_L_60,13 13  7,13 13 13,#266
uk-GB01_Medium_Mark_I,6 6 6,6 6 6,#266
uk-GB01_Medium_Mark_I_bot,6 6 6,6 6 6,#266
uk-GB03_Cruiser_Mk_I,14 10 10,14 14 14,#266
uk-GB04_Valentine,60 60 60,65 60 65,#266
uk-GB05_Vickers_Medium_Mk_II,8 8 8,8 8 8,#266
uk-GB05_Vickers_Medium_Mk_II_bot,8 8 8,8 6 6,#266
uk-GB06_Vickers_Medium_Mk_III,14  9  9,14 14 14,#266
uk-GB07_Matilda,75 70 55,75 75 75,#266
uk-GB08_Churchill_I,178 64 51, 89 89 76,#266
uk-GB08_Churchill_I_IGR,178 64 51, 89 89 76,#266
uk-GB09_Churchill_VII,152 95 51,152 95 95,#266
uk-GB10_Black_Prince,152 95  51,240 95 102,#266
uk-GB11_Caernarvon,130  51 38,198 152 95,#266
uk-GB11_Caernarvon_IGR,130  51 38,198 152 95,#266
uk-GB12_Conqueror,130 51 38,254 89 70,#266
uk-GB13_FV215b,152 102  76,254 152 102,#266
uk-GB13_FV215b_IGR,152 102  76,254 152 102,#266
uk-GB14_M2,38 25 25,38 25 25,#266
uk-GB15_Stuart_I,38 25 25,38 32 32,#266
uk-GB17_Grant_I,51 38 38,,#266
uk-GB19_Sherman_Firefly,51 38 38,76 51 51,#266
uk-GB20_Crusader,40 28 28,51 24 30,#266
uk-GB21_Cromwell,64 43 32,76 64 57,#266
uk-GB21_Cromwell_IGR,64 43 32,76 64 57,#266
uk-GB22_Comet, 76 43 32,102 64 57,#266
uk-GB23_Centurion, 76 51 38,152 89 89,#266
uk-GB23_Centurion_IGR, 76 51 38,152 89 89,#266
uk-GB24_Centurion_Mk3,121 51 32,152 89 89,#266
uk-GB25_Loyd_Gun_Carriage,7 7 0,,#266
uk-GB26_Birch_Gun,6 6 6,,#266
uk-GB27_Sexton,51 38 38,,#266
uk-GB28_Bishop,60 50 60,,#266
uk-GB29_Crusader_5inch,28 28 12,,#266
uk-GB30_FV3805,51 51 51,,#266
uk-GB31_Conqueror_Gun,152 51 76,,#266
uk-GB32_Tortoise,229 152 102,,#266
uk-GB33_Sentinel_AC_I,65 45 45,65 65 65,#266
uk-GB35_Sentinel_AC_IV,65 45 45,65 65 65,#266
uk-GB39_Universal_CarrierQF2,10 7 7,,#266
uk-GB40_Gun_Carrier_Churchill,89 64 51,,#266
uk-GB41_Challenger,89 51  38,51 40 200,#266
uk-GB42_Valentine_AT,60 60 60,,#266
uk-GB44_Archer,20 20 20,,#266
uk-GB45_Achilles_IIC,38 19 19,57 25 25,#266
uk-GB48_FV215b_183,152  51 76,,#266
uk-GB50_Sherman_III,51 38 38,64 64 64,#266
uk-GB51_Excelsior,114 32 108,114 92  92,#266
uk-GB52_A45, 76 51 38,152 89 89,#266
uk-GB57_Alecto,10 10 10,,#266
uk-GB58_Cruiser_Mk_III,14 14 14,14 12 14,#266
uk-GB59_Cruiser_Mk_IV,30 14 14,30 12 14,#266
uk-GB60_Covenanter,40 30 25,39 20 25,#266
uk-GB63_TOG_II, 76 76 51,114 76 53,#266
uk-GB68_Matilda_Black_Prince,75 70 55,76 64 57,#266
uk-GB69_Cruiser_Mk_II,30 22 12,30 26 30,#266
uk-GB70_FV4202_105,121  51 32,196 196 35,#266
uk-GB70_N_FV4202_105, 51 51 32,170 90 90,#266
uk-GB71_AT_15A,229 152 102,,#266
uk-GB72_AT15,229 152 102,,#266
uk-GB72_AT15_IGR,229 152 102,,#266
uk-GB73_AT2,203 102 102,,#266
uk-GB74_AT8,203 102 102,,#266
uk-GB75_AT7,203 102 102,,#266
uk-GB76_Mk_VIC,14 13  6,14 14 11,#266
uk-GB77_FV304,14 14 14,,#266
uk-GB77_FV304_IGR,14 14 14,,#266
uk-GB78_Sexton_I,51 32 38,,#266
uk-GB79_FV206,51 51 51,,#266
uk-GB80_Charioteer,64 46 38,30 25 30,#266
uk-GB81_FV4004, 76 51 38,132 95 36,#266
uk-GB83_FV4005,76 51 38,,#266
uk-GB84_Chieftain_Mk6, 85  51 25,250 140 30,#266
uk-GB85_Cromwell_Berlin,64 43 32,76 64 57,#266
uk-GB86_Centurion_Action_X,121  51 32,198 152 95,#266
uk-GB87_Chieftain_T95_turret, 85 51 25,254 89 51,#266
uk-GB88_T95_Chieftain_turret,114  51 19,250 140 30,#266
usa-A01_T1_Cunningham,10 6 6,10 6 6,#266
usa-A01_T1_Cunningham_bot,10  6  6,10 10 10,#266
usa-A02_M2_lt,38 25 25,38 25 25,#266
usa-A03_M3_Stuart,38 25 25,38 32 32,#266
usa-A04_M3_Grant,51 38 38,,#266
usa-A05_M4_Sherman,51 38 38,64 64 64,#266
usa-A05_M4_Sherman_IGR,51 38 38,64 64 64,#266
usa-A06_M4A3E8_Sherman,64 38 38,76 51 51,#266
usa-A06_M4A3E8_Sherman_training,18 16 16,18 16 16,#266
usa-A07_T20,64 51 38,89 64 64,#266
usa-A08_T23,76 51 38,64 64 64,#266
usa-A09_T1_hvy, 95 52 46,102 83 83,#266
usa-A10_M6,102 44 41,102 83 83,#266
usa-A100_T49,25 25 19,38 16 16,#266
usa-A101_M56,1 1 1,,#266
usa-A102_T28_concept,203 102 51,,#266
usa-A103_T71E1,25 22 19,22 22 22,#266
usa-A103_T71E1_IGR,25 22 19,22 22 22,#266
usa-A104_M4A3E8A,64 38 38,64 64 64,#266
usa-A106_M48A2_120,152 76 38,203 76 51,#266
usa-A107_T1_HMC,10 10 10,,#266
usa-A108_T18_HMC,51 32 25,,#266
usa-A109_T56_GMC,38 25 13,,#266
usa-A11_T29,102  76  51,279 127 102,#266
usa-A11_T29_IGR,102  76  51,279 127 102,#266
usa-A111_T25_Pilot,76 51 38,76 64 64,#266
usa-A112_T71E2,25 22 19,22 22 22,#266
usa-A117_T26E5,152  76  51,190 102 127,#266
usa-A117_T26E5_Patriot,152  76  51,190 102 127,#266
usa-A12_T32,127  76  51,298 197 152,#266
usa-A13_T34_hvy,102  76  51,279 127 203,#266
usa-A13_T34_hvy_IGR,102  76  51,279 127 203,#266
usa-A14_T30,102  76  51,279 127 102,#266
usa-A15_T57,29 25 25,,#266
usa-A16_M7_Priest,102 38 13,,#266
usa-A17_M37,13 13 13,,#266
usa-A18_M41,13 13 13,,#266
usa-A19_T2_lt,17 15  6,16 16 16,#266
usa-A21_T14, 51  51  51,101 101 101,#266
usa-A22_M5_Stuart,29 29 25,44 32 32,#266
usa-A23_M7_med,38 33 32,52 41 41,#266
usa-A24_T2_med,22 22 22,25 25 25,#266
usa-A24_T2_med_bot,22 22 22,22 22 22,#266
usa-A25_M2_med,32 18 13,38 25 25,#266
usa-A26_T18,51 32 25,,#266
usa-A27_T82,29 29 25,,#266
usa-A29_T40,51 38 38,,#266
usa-A30_M10_Wolverine,38 19 19,57 25 25,#266
usa-A31_M36_Slagger,114 25 25, 76 25 25,#266
usa-A32_M12,51 19 19,,#266
usa-A33_MTLS-1G14,38 25 25,38 25 25,#266
usa-A34_M24_Chaffee,25 25 19,38 25 25,#266
usa-A35_Pershing,102 76 51,127 76 64,#266
usa-A35_Pershing_IGR,102 76 51,127 76 64,#266
usa-A36_Sherman_Jumbo,102 76 38, 64 64 64,#266
usa-A36_Sherman_Jumbo_IGR,102 76 38, 64 64 64,#266
usa-A37_M40M43,108 25 13,,#266
usa-A38_T92,25 25 13,,#266
usa-A39_T28,254 51 51,,#266
usa-A40_T95,305 152 51,,#266
usa-A41_M18_Hellcat,13 13  13,76 32 127,#266
usa-A43_M22_Locust,25 13 13,25 25 25,#266
usa-A44_M4A2E4,65 38 38,76 51 51,#266
usa-A45_M6A2E1,191 66  51,229 89 208,#266
usa-A46_T3,16 13 6,,#266
usa-A57_M8A1,29 29 25,38 25 25,#266
usa-A58_T67,13 13 13,25 13 13,#266
usa-A58_T67_IGR,13 13 13,25 13 13,#266
usa-A62_Ram-II,76 63 38,76 76 51,#266
usa-A63_M46_Patton,102 76 51,102 64 76,#266
usa-A63_M46_Patton_KR,102 76 51,102 76 76,#266
usa-A64_T25_AT,89 76 38,,#266
usa-A66_M103,229 44 44,254 99 53,#266
usa-A67_T57_58,229  44 44,152 127 51,#266
usa-A68_T28_Prototype,203  51  51,,#266
usa-A69_T110E5,254  76 38,203 127 76,#266
usa-A71_T21,29 25 22,29 25 25,#266
usa-A72_T25_2,76 51 38,76 25 25,#266
usa-A74_T1_E6,16 6 6,13 6 6,#266
usa-A78_M4_Improved,51 64 51,76 51 51,#266
usa-A80_T26_E4_SuperPershing,102 76 51,102 76 76,#266
usa-A81_T95_E2,114 51 19,178 76 51,#266
usa-A83_T110E4,260  76  38,,#266
usa-A84_M48A1,152 76 38,178 76 51,#266
usa-A84_M48A1_IGR,152 76 38,178 76 51,#266
usa-A85_T110E3,305 76 38,,#266
usa-A86_T23E3,76 51 38,76 64 64,#266
usa-A87_M44,13 13 13,,#266
usa-A88_M53_55,25 13 13,,#266
usa-A89_T54E1,152 76 38,127 70 51,#266
usa-A90_T69,102 76  38,152 76 114,#266
usa-A90_T69_IGR,102 76  38,152 76 114,#266
usa-A92_M60, 93 74 25,178 76 51,#266
usa-A93_T7_Combat_Car,16 13  6,13 13 13,#266
usa-A94_T37,25 25 19,32 25 25,#266
usa-A95_T95_E6,114 51 19,343 76 51,#266
usa-A97_M41_Bulldog,25 25 19,25 25 25,#266
usa-A99_T92_LT,32 25 19,29 29 29,#266
ussr-Observer, 8 16 16,18 16 16,#266
ussr-R01_IS,120 90 60,100 90 90,#266
ussr-R02_SU-85,45 45 40,,#266
ussr-R03_BT-7,20 19 13,20 15 15,#266
ussr-R04_T-34,45 45 40,52 52 45,#266
ussr-R05_KV,75 75 70,90 75 75,#266
ussr-R06_T-28,30 20 20,25 25 25,#266
ussr-R07_T-34-85,45 45 40,90 75 52,#266
ussr-R07_T-34-85_training,45 45 45,90 75 52,#266
ussr-R08_BT-2,15 13 10,26 13 13,#266
ussr-R09_T-26,15 15 15,15 15 15,#266
ussr-R09_T-26_bot,15 15 15,15 15 15,#266
ussr-R10_AT-1,15 15 15,,#266
ussr-R100_SU122A,25 15 10,,#266
ussr-R101_MT25,45 40 40,45 45 45,#266
ussr-R104_Object_430_II,120  80 40,,#266
ussr-R105_BT_7A,20 19 13,15 15 13,#266
ussr-R106_KV85, 75 60 60,100 90 90,#266
ussr-R106_KV85_IGR, 75 60 60,100 90 90,#266
ussr-R107_LTB,90 45 40,90 75 52,#266
ussr-R108_T34_85M,75 45 45,90 75 52,#266
ussr-R109_T54S, 80  60 45,160 120 60,#266
ussr-R11_MS-1,16 16 16,16 16 16,#266
ussr-R11_MS-1_bot, 8 16 16,18 16 16,#266
ussr-R110_Object_260,150 150  70,350 240 100,#266
ussr-R111_ISU130,90 90 60,,#266
ussr-R112_T54_45,120  90 45,180 120 75,#266
ussr-R113_Object_730,120 120 60,201 129 90,#266
ussr-R114_Object_244,120 100 60,100  90 90,#266
ussr-R115_IS-3_auto,110  90  60,249 172 100,#266
ussr-R116_ISU122C_Berlin,90 90 60,,#266
ussr-R117_T34_85_Rudy,45 45 40,90 75 52,#266
ussr-R118_T28_F30,50 40 50,50 40 40,#266
ussr-R119_Object_777,132 115 45,258 225 90,#266
ussr-R12_A-20,20 20 16,37 37 25,#266
ussr-R120_T22SR_A22,100  80  80,230 170 140,#266
ussr-R121_KV4_KTT,200 125 125,,#266
ussr-R122_T44_100, 90  75  45,120 100 100,#266
ussr-R123_Kirovets_1,120 100  60,175 120 100,#266
ussr-R125_T_45,25 15 25,35 35 35,#266
ussr-R126_Object_730_5,120 90 40,230 90 60,#266
ussr-R127_T44_100_P, 90  75  45,120 100 100,#266
ussr-R128_KV4_Kreslavskiy,180 125  90,180 160 100,#266
ussr-R129_Object_257,150 140  70,350 240 100,#266
ussr-R13_KV-1s,75 60 60,82 82 82,#266
ussr-R133_KV_122, 75 60 60,100 90 90,#266
ussr-R14_SU-5,15 15 15,,#266
ussr-R15_S-51,60 60 60,,#266
ussr-R16_SU-18,16 16 16,,#266
ussr-R17_SU-100,75 45 45,,#266
ussr-R18_SU-152,75 60 60,,#266
ussr-R18_SU-152_IGR,75 60 60,,#266
ussr-R19_IS-3,110  90  60,249 172 100,#266
ussr-R19_IS-3_IGR,110  90  60,249 172 100,#266
ussr-R20_T-44, 90  75  45,120 100 100,#266
ussr-R20_T-44_IGR, 90  75  45,120 100 100,#266
ussr-R22_T-46,15 15 15,30 15 15,#266
ussr-R23_T-43,75 75 75,90 90 90,#266
ussr-R24_SU-76,25 15 15,,#266
ussr-R25_GAZ-74b,25 15 15,,#266
ussr-R26_SU-8,30 20 20,,#266
ussr-R27_SU-14,50 30 20,,#266
ussr-R31_Valentine_LL,60 60 60,65 65 65,#266
ussr-R31_Valentine_LL_IGR,60 60 60,65 65 65,#266
ussr-R32_Matilda_II_LL,75 70 55,75 75 75,#266
ussr-R33_Churchill_LL,176 76 51, 88 88 76,#266
ussr-R34_BT-SV,25 20 16,25 25 25,#266
ussr-R38_KV-220,120 100 100, 90  75  75,#266
ussr-R38_KV-220_beta,120 100 100, 90  75  75,#266
ussr-R39_KV-3,120  90  90,130 130 130,#266
ussr-R40_T-54,120  80 45,200 160 65,#266
ussr-R41_T-50,37 37 37,37 37 15,#266
ussr-R42_T-60,35 15 25,25 25 25,#266
ussr-R43_T-70,35 15 25,35 35 35,#266
ussr-R44_T80,35 25 25,35 35 35,#266
ussr-R45_IS-7,150 150 100,240 185  94,#266
ussr-R45_IS-7_fallout,150 150 100,240 185  94,#266
ussr-R45_IS-7_IGR,150 150 100,240 185  94,#266
ussr-R46_KV-13,120 85 85,100 90 90,#266
ussr-R47_ISU-152,90 90 60,,#266
ussr-R47_ISU-152_IGR,90 90 60,,#266
ussr-R49_SU100Y,60 60 60,,#266
ussr-R50_SU76I,60 30 50,,#266
ussr-R51_Object_212,60 60 60,,#266
ussr-R52_Object_261,75 50 30,,#266
ussr-R53_Object_704,120 90 60,,#266
ussr-R54_KV-5,180 150 140,180 180 180,#266
ussr-R54_KV-5_IGR,180 150 140,180 180 180,#266
ussr-R56_T-127,40 30 30,40 30 30,#266
ussr-R57_A43,60 45 40,75 75 75,#266
ussr-R58_SU-101,120 90 40,,#266
ussr-R59_A44,150 60 60, 90 90 90,#266
ussr-R60_Object416, 75 45 45,,#266
ussr-R61_Object252,100 100  60,150 150 100,#266
ussr-R63_ST_I,140 140 100,250 160 160,#266
ussr-R66_SU-26,15 15 15,,#266
ussr-R67_M3_LL,38 25 25,38 25 25,#266
ussr-R68_A-32,35 30 16,35 35 35,#266
ussr-R70_T_50_2,37 37 37,37 37 37,#266
ussr-R71_IS_2B,100 90 60,100 90 90,#266
ussr-R72_T150, 90  90 75,100 100 75,#266
ussr-R73_KV4,180 150  90,180 150 140,#266
ussr-R74_SU100M1,90 75 45,,#266
ussr-R75_SU122_54,100 80 45,,#266
ussr-R77_KV2,75 75 70,75 75 70,#266
ussr-R77_KV2_IGR,75 75 70,75 75 70,#266
ussr-R78_SU_85I,60 30 50,,#266
ussr-R80_KV1, 75  75  70,110 110 110,#266
ussr-R81_IS8,120 120 60,250 201 90,#266
ussr-R84_Tetrarch_LL,16 14 10,16 14 10,#266
ussr-R86_LTP,30 20 30,30 30 30,#266
ussr-R87_T62A,100  80 45,240 161 65,#266
ussr-R87_T62A_fallout,100  80 45,240 161 65,#266
ussr-R88_Object268,187 100 50,,#266
ussr-R89_SU122_44,90 75 45,,#266
ussr-R90_IS_4M,140 160 100,250 200 170,#266
ussr-R91_SU14_1,20 20 10,,#266
ussr-R93_Object263,250 80 50,,#266
ussr-R95_Object_907,100  85 45,228 180 46,#266
ussr-R95_Object_907A,100  85 45,228 180 46,#266
ussr-R96_Object_430,120  80 40,248 185 63,#266
ussr-R97_Object_140,100  80 55,240 187 65,#266
ussr-R98_T44_85, 75 75 45,115 90 75,#266
ussr-R99_T44_122,75 75 45,90 70 70,#266
